order_id,product,quantity,price,order_date
1,Product A,1,10.99,2025-01-01 00:00:00
2,Product B,2,25.5,2025-01-01 01:00:00
3,Product C,3,15.75,2025-01-01 02:00:00
4,Product A,4,10.99,2025-01-01 03:00:00
5,Product B,5,25.5,2025-01-01 04:00:00
6,Product C,6,15.75,2025-01-01 05:00:00
7,Product A,7,10.99,2025-01-01 06:00:00
8,Product B,8,25.5,2025-01-01 07:00:00
9,Product C,9,15.75,2025-01-01 08:00:00
10,Product A,10,10.99,2025-01-01 09:00:00
11,Product B,1,25.5,2025-01-01 10:00:00
12,Product C,2,15.75,2025-01-01 11:00:00
13,Product A,3,10.99,2025-01-01 12:00:00
14,Product B,4,25.5,2025-01-01 13:00:00
15,Product C,5,15.75,2025-01-01 14:00:00
16,Product A,6,10.99,2025-01-01 15:00:00
17,Product B,7,25.5,2025-01-01 16:00:00
18,Product C,8,15.75,2025-01-01 17:00:00
19,Product A,9,10.99,2025-01-01 18:00:00
20,Product B,10,25.5,2025-01-01 19:00:00
21,Product C,1,15.75,2025-01-01 20:00:00
22,Product A,2,10.99,2025-01-01 21:00:00
23,Product B,3,25.5,2025-01-01 22:00:00
24,Product C,4,15.75,2025-01-01 23:00:00
25,Product A,5,10.99,2025-01-02 00:00:00
26,Product B,6,25.5,2025-01-02 01:00:00
27,Product C,7,15.75,2025-01-02 02:00:00
28,Product A,8,10.99,2025-01-02 03:00:00
29,Product B,9,25.5,2025-01-02 04:00:00
30,Product C,10,15.75,2025-01-02 05:00:00
31,Product A,1,10.99,2025-01-02 06:00:00
32,Product B,2,25.5,2025-01-02 07:00:00
33,Product C,3,15.75,2025-01-02 08:00:00
34,Product A,4,10.99,2025-01-02 09:00:00
35,Product B,5,25.5,2025-01-02 10:00:00
36,Product C,6,15.75,2025-01-02 11:00:00
37,Product A,7,10.99,2025-01-02 12:00:00
38,Product B,8,25.5,2025-01-02 13:00:00
39,Product C,9,15.75,2025-01-02 14:00:00
40,Product A,10,10.99,2025-01-02 15:00:00
41,Product B,1,25.5,2025-01-02 16:00:00
42,Product C,2,15.75,2025-01-02 17:00:00
43,Product A,3,10.99,2025-01-02 18:00:00
44,Product B,4,25.5,2025-01-02 19:00:00
45,Product C,5,15.75,2025-01-02 20:00:00
46,Product A,6,10.99,2025-01-02 21:00:00
47,Product B,7,25.5,2025-01-02 22:00:00
48,Product C,8,15.75,2025-01-02 23:00:00
49,Product A,9,10.99,2025-01-03 00:00:00
50,Product B,10,25.5,2025-01-03 01:00:00
51,Product C,1,15.75,2025-01-03 02:00:00
52,Product A,2,10.99,2025-01-03 03:00:00
53,Product B,3,25.5,2025-01-03 04:00:00
54,Product C,4,15.75,2025-01-03 05:00:00
55,Product A,5,10.99,2025-01-03 06:00:00
56,Product B,6,25.5,2025-01-03 07:00:00
57,Product C,7,15.75,2025-01-03 08:00:00
58,Product A,8,10.99,2025-01-03 09:00:00
59,Product B,9,25.5,2025-01-03 10:00:00
60,Product C,10,15.75,2025-01-03 11:00:00
61,Product A,1,10.99,2025-01-03 12:00:00
62,Product B,2,25.5,2025-01-03 13:00:00
63,Product C,3,15.75,2025-01-03 14:00:00
64,Product A,4,10.99,2025-01-03 15:00:00
65,Product B,5,25.5,2025-01-03 16:00:00
66,Product C,6,15.75,2025-01-03 17:00:00
67,Product A,7,10.99,2025-01-03 18:00:00
68,Product B,8,25.5,2025-01-03 19:00:00
69,Product C,9,15.75,2025-01-03 20:00:00
70,Product A,10,10.99,2025-01-03 21:00:00
71,Product B,1,25.5,2025-01-03 22:00:00
72,Product C,2,15.75,2025-01-03 23:00:00
73,Product A,3,10.99,2025-01-04 00:00:00
74,Product B,4,25.5,2025-01-04 01:00:00
75,Product C,5,15.75,2025-01-04 02:00:00
76,Product A,6,10.99,2025-01-04 03:00:00
77,Product B,7,25.5,2025-01-04 04:00:00
78,Product C,8,15.75,2025-01-04 05:00:00
79,Product A,9,10.99,2025-01-04 06:00:00
80,Product B,10,25.5,2025-01-04 07:00:00
81,Product C,1,15.75,2025-01-04 08:00:00
82,Product A,2,10.99,2025-01-04 09:00:00
83,Product B,3,25.5,2025-01-04 10:00:00
84,Product C,4,15.75,2025-01-04 11:00:00
85,Product A,5,10.99,2025-01-04 12:00:00
86,Product B,6,25.5,2025-01-04 13:00:00
87,Product C,7,15.75,2025-01-04 14:00:00
88,Product A,8,10.99,2025-01-04 15:00:00
89,Product B,9,25.5,2025-01-04 16:00:00
90,Product C,10,15.75,2025-01-04 17:00:00
91,Product A,1,10.99,2025-01-04 18:00:00
92,Product B,2,25.5,2025-01-04 19:00:00
93,Product C,3,15.75,2025-01-04 20:00:00
94,Product A,4,10.99,2025-01-04 21:00:00
95,Product B,5,25.5,2025-01-04 22:00:00
96,Product C,6,15.75,2025-01-04 23:00:00
97,Product A,7,10.99,2025-01-05 00:00:00
98,Product B,8,25.5,2025-01-05 01:00:00
99,Product C,9,15.75,2025-01-05 02:00:00
100,Product A,10,10.99,2025-01-05 03:00:00
